"","member_casual","day_of_week","ride_length"
"1","casual","Sunday",1041.38953323904
"2","member","Sunday",617.812789470861
"3","casual","Monday",906.641925777332
"4","member","Monday",580.320348760734
"5","casual","Tuesday",897.722580645161
"6","member","Tuesday",585.220410981157
"7","casual","Wednesday",943.809021311815
"8","member","Wednesday",582.134320840092
"9","casual","Thursday",913.072342126299
"10","member","Thursday",579.30838650866
"11","casual","Friday",909.407248705588
"12","member","Friday",571.602028317181
"13","casual","Saturday",1003.40149056377
"14","member","Saturday",599.184115523466
